{
  "project_info": {
    "project_number": "639088262090",
    "project_id": "sociomee-social",
    "storage_bucket": "sociomee-social.appspot.com"
  },
  "client": [
    {
      "client_info": {
        "mobilesdk_app_id": "1:639088262090:android:69a6a1bc4dbc4d20f6ad33",
        "android_client_info": {
          "package_name": "com.sociomee.app"
        }
      },
      "oauth_client": [
        {
          "client_id": "639088262090-8ke4h9eo3vaqam2eghb0477rndef6mni.apps.googleusercontent.com",
          "client_type": 1,
          "android_info": {
            "package_name": "com.sociomee.app",
            "certificate_hash": "a6e5261f80b7340a40df50750cc1571d97bf78d9"
          }
        },
        {
          "client_id": "639088262090-9uk0jj0ph2vgand02c8i981u256513f4.apps.googleusercontent.com",
          "client_type": 1,
          "android_info": {
            "package_name": "com.sociomee.app",
            "certificate_hash": "62f23b9d6506c5f7f885bb9fd15702a810baa902"
          }
        },
        {
          "client_id": "639088262090-gr2de98hj7d3tbus3jpm4ir5hc8f5nn8.apps.googleusercontent.com",
          "client_type": 1,
          "android_info": {
            "package_name": "com.sociomee.app",
            "certificate_hash": "6a013519965d81260a5110cf71feb013240e46be"
          }
        },
        {
          "client_id": "639088262090-ch61f85qpiug6837m441it1c2sctqbhf.apps.googleusercontent.com",
          "client_type": 3
        }
      ],
      "api_key": [
        {
          "current_key": "AIzaSyDC528LWI3jsJSPQLJErgtL5urzOIQHBhg"
        }
      ],
      "services": {
        "appinvite_service": {
          "other_platform_oauth_client": [
            {
              "client_id": "639088262090-ch61f85qpiug6837m441it1c2sctqbhf.apps.googleusercontent.com",
              "client_type": 3
            },
            {
              "client_id": "639088262090-0dlcdboi0qlbo8jejjn7u7r2e7sqt38a.apps.googleusercontent.com",
              "client_type": 2,
              "ios_info": {
                "bundle_id": "com.app.meestApp"
              }
            }
          ]
        }
      }
    },
    {
      "client_info": {
        "mobilesdk_app_id": "1:639088262090:android:94d7b91004eb35f1f6ad33",
        "android_client_info": {
          "package_name": "com.sociomee.msgmee"
        }
      },
      "oauth_client": [
        {
          "client_id": "639088262090-0l6pleljii7v845d96ki13o7ljbtl8ic.apps.googleusercontent.com",
          "client_type": 1,
          "android_info": {
            "package_name": "com.sociomee.msgmee",
            "certificate_hash": "6a013519965d81260a5110cf71feb013240e46be"
          }
        },
        {
          "client_id": "639088262090-cnofudlgpceffaf8mlnsdc952354n2f3.apps.googleusercontent.com",
          "client_type": 1,
          "android_info": {
            "package_name": "com.sociomee.msgmee",
            "certificate_hash": "45f9adc04e39ab87e4aa3102a0be2bed609c1d10"
          }
        },
        {
          "client_id": "639088262090-ch61f85qpiug6837m441it1c2sctqbhf.apps.googleusercontent.com",
          "client_type": 3
        }
      ],
      "api_key": [
        {
          "current_key": "AIzaSyDC528LWI3jsJSPQLJErgtL5urzOIQHBhg"
        }
      ],
      "services": {
        "appinvite_service": {
          "other_platform_oauth_client": [
            {
              "client_id": "639088262090-ch61f85qpiug6837m441it1c2sctqbhf.apps.googleusercontent.com",
              "client_type": 3
            },
            {
              "client_id": "639088262090-0dlcdboi0qlbo8jejjn7u7r2e7sqt38a.apps.googleusercontent.com",
              "client_type": 2,
              "ios_info": {
                "bundle_id": "com.app.meestApp"
              }
            }
          ]
        }
      }
    }
  ],
  "configuration_version": "1"
}